{
  "enabled": true,
  "title": "Starter Template",
  "intro": "This is a starter template page. You can customize it in the admin panel.",
  "body": "## Welcome to your custom page\n\nThis page is fully customizable. You can edit the following elements:\n\n- Page title\n- Intro text\n- Main content (supports Markdown)\n- Call-to-action button\n\n### How to customize\n\n1. Log in to the admin panel\n2. Go to 'Page Templates'\n3. Edit the 'starter' template or create a new one\n4. Preview your changes and publish\n\n![Car](https://images.unsplash.com/photo-1492144534655-ae79c964c9d7?ixlib=rb-1.2.1&auto=format&fit=crop&w=1350&q=80)",
  "ctaText": "Learn More",
  "ctaLink": "/links",
  "developerSettings": {
    "warning": "⚠️ Only advanced users should touch this. Changing anything here may break the page layout.",
    "experimentalFeatureToggle": false
  }
}