{
  "enabled": true,

  "hero": {
    "enabled": true,
    "title": "Revreign",
    "subtitle": "Cars. Creativity. Community.",
    "description": "Bringing humor, education, and DIY car culture to life across social media. Join over 290k followers in learning how to fix and modify your ride.",
    "backgroundImage": "https://images.unsplash.com/photo-1544381332-230b11b13886?ixlib=rb-1.2.1&auto=format&fit=crop&w=2850&q=80",
    "cta1Text": "Connect With Me",
    "cta2Text": "Partnership Opportunities"
  },

  "about": {
    "enabled": true,
    "title": "About Revreign",
    "description": "Revreign is Jack—a car enthusiast and social media creator who brings humor, education, and DIY car culture to life across TikTok, Instagram, and YouTube. Known for his 'Caveman Mechanics' skits and turbocharger tutorials, he's here to entertain and inspire automotive enthusiasts worldwide.",
    "image": "https://images.unsplash.com/photo-1600661653561-629509216228?ixlib=rb-1.2.1&auto=format&fit=crop&w=1350&q=80",
    "altText": "Car Enthusiast Working on Engine",
    "showSocialStats": true
  },

  "featuredMerch": {
    "enabled": true,
    "title": "Caveman Collection",
    "description": "Show your support with our exclusive Caveman-themed merchandise. Each purchase helps fuel more automotive content!",
    "items": [
      {
        "image1": "/images/rev3.png",
        "image2": "https://images.pexels.com/photos/10415390/pexels-photo-10415390.jpeg?auto=compress&cs=tinysrgb&w=1260&h=750&dpr=1",
        "title": "Caveman Race Team T-shirt",
        "description": "Premium cotton tee featuring our signature Caveman Race Team logo with the classic \"UGGA DUGGA\" car repair catchphrase. Available in multiple sizes.",
        "buyLink": "#",
        "ctaText": "Buy Now - $29.99"
      },
      {
        "image1": "https://images.pexels.com/photos/6976103/pexels-photo-6976103.jpeg?auto=compress&cs=tinysrgb&w=1260&h=750&dpr=1",
        "image2": "https://images.pexels.com/photos/5384445/pexels-photo-5384445.jpeg?auto=compress&cs=tinysrgb&w=1260&h=750&dpr=1",
        "title": "Caveman Mechanics T-shirt",
        "description": "Soft and durable tee with the iconic Caveman Mechanics design featuring our mascot with thumbs up and \"MECH-AN-ICS\" lettering. Perfect for garage days!",
        "buyLink": "#",
        "ctaText": "Buy Now - $29.99"
      }
    ]
  },

  "partnerships": {
    "enabled": true,
    "title": "Partner With Revreign",
    "description": "Looking to collaborate with an automotive influencer who connects with over 290k followers across platforms? Let's work together to create engaging sponsored content that resonates with car enthusiasts worldwide.",
    "image": "https://images.unsplash.com/photo-1493238792000-8113da705763?ixlib=rb-1.2.1&auto=format&fit=crop&w=1350&q=80",
    "altText": "Car Workshop",
    "stats": [
      "13-17% average engagement rate on TikTok",
      "30.81% reach rate on Instagram Reels",
      "High audience retention on YouTube tutorials"
    ],
    "ctaText": "Learn About Partnerships"
  },

  "storefronts": {
    "enabled": true,
    "title": "Shop My Recommended Tools",
    "description": "Discover the tools and products I personally use and recommend for your DIY automotive projects.",
    "items": [
      {
        "label": "Amazon Storefront",
        "url": "/amazon",
        "image": "https://images.unsplash.com/photo-1581235720704-06d3acfcb36f?ixlib=rb-1.2.1&auto=format&fit=crop&w=1350&q=80",
        "description": "Explore curated tools and products for DIY car projects—all handpicked by Revreign to help you fix your vehicle on a budget.",
        "linkLabel": "Shop Amazon Picks",
        "linkTo": "/amazon"
      },
      {
        "label": "Walmart Storefront",
        "url": "/walmart",
        "image": "https://images.unsplash.com/photo-1599707254554-027aeb4deacd?ixlib=rb-1.2.1&auto=format&fit=crop&w=1350&q=80",
        "description": "Discover affordable tools and products for DIY mechanics through my Walmart storefront. Every purchase helps support my content creation.",
        "linkLabel": "Shop Walmart Picks",
        "linkTo": "/walmart"
      }
    ]
  },

  "developerSettings": {
    "warning": "⚠️ Only advanced users should touch this. Changing anything here may break the layout.",
    "experimentalFeatureToggle": false
  }
}
