{
  "enabled": true,

  "hero": {
    "enabled": true,
    "title": "Partnerships & Sponsorships",
    "subtitle": "Looking to collaborate with an automotive influencer who connects with over 290k followers across platforms? Let's work together to create engaging sponsored content that resonates with car enthusiasts worldwide.",
    "backgroundImage": "https://images.unsplash.com/photo-1524591652733-73fa1ae7b5ee?ixlib=rb-1.2.1&auto=format&fit=crop&w=1950&q=80",
    "contactMailto": "mailto:revreignauto@gmail.com",
    "contactButtonText": "Contact Me for Sponsorships"
  },

  "statsSection": {
    "enabled": true,
    "title": "Audience & Engagement",
    "items": [
      {
        "icon": "users",
        "statValue": "290k+",
        "statLabel": "Total Followers",
        "statSubLabel": "Across TikTok, Instagram, and YouTube"
      },
      {
        "icon": "trendingUp",
        "statValue": "13-17%",
        "statLabel": "Engagement Rate",
        "statSubLabel": "Outperforming industry benchmarks"
      },
      {
        "icon": "checkSquare",
        "statValue": "30.81%",
        "statLabel": "Reach Rate",
        "statSubLabel": "Instagram Reels average reach"
      }
    ]
  },

  "pastWork": {
    "enabled": true,
    "title": "Past Collaborations",
    "items": [
      {
        "image": "https://images.unsplash.com/photo-1622042991322-9fa8dd98713d?ixlib=rb-1.2.1&auto=format&fit=crop&w=1350&q=80",
        "altText": "Welding Tools",
        "title": "Welding Tools Showcase",
        "description": "Demonstrated the functionality and benefits of premium welding equipment through a series of tutorial videos.",
        "icon": "trendingUp",
        "statText": "22% engagement rate"
      },
      {
        "image": "https://images.unsplash.com/photo-1492144534655-ae79c964c9d7?ixlib=rb-1.2.1&auto=format&fit=crop&w=1350&q=80",
        "altText": "Car Parts Review",
        "title": "Performance Parts Review",
        "description": "Comprehensive testing and installation of aftermarket performance parts with before/after results.",
        "icon": "trendingUp",
        "statText": "18% engagement rate"
      },
      {
        "image": "https://images.unsplash.com/photo-1593784991095-a205069470b6?ixlib=rb-1.2.1&auto=format&fit=crop&w=1350&q=80",
        "altText": "Tool Comparison",
        "title": "Budget vs. Premium Tools",
        "description": "Side-by-side comparison of budget-friendly and professional-grade automotive tools to help viewers make informed decisions.",
        "icon": "trendingUp",
        "statText": "25% engagement rate"
      }
    ]
  },

  "upcomingProjects": {
    "enabled": true,
    "title": "Upcoming Projects",
    "items": [
      {
        "icon": "calendar",
        "title": "Turbo Build Series",
        "description": "A comprehensive multi-part series showcasing the complete process of turbocharging a naturally aspirated engine. Perfect for tool and parts sponsorships."
      },
      {
        "icon": "calendar",
        "title": "Caveman's Garage Overhaul",
        "description": "Complete workshop transformation featuring storage solutions, tool organization, and workspace upgrades. Ideal for tool brands and garage equipment."
      },
      {
        "icon": "calendar",
        "title": "Budget Restoration Challenge",
        "description": "Restoring a classic vehicle on a tight budget, showcasing affordable products and creative solutions. Great for parts, tools, and cleaning product promotions."
      }
    ]
  },

  "rateCard": {
    "enabled": true,
    "title": "Partnership Rates",
    "introText": "Rates vary based on the scope, platform, and deliverables required. Below are starting rates for standard promotional content:",
    "items": [
      {
        "platform": "TikTok & Instagram",
        "rates": [
          { "label": "Single Post/Reel", "value": "$500+" },
          { "label": "Multi-Post Campaign", "value": "$1,200+" },
          { "label": "24h Story Takeover", "value": "$300+" }
        ]
      },
      {
        "platform": "YouTube",
        "rates": [
          { "label": "Dedicated Review", "value": "$1,000+" },
          { "label": "Integration (60-90 sec)", "value": "$750+" },
          { "label": "Series Sponsorship", "value": "$2,500+" }
        ]
      }
    ],
    "contactMailto": "mailto:revreignauto@gmail.com",
    "contactButtonText": "Contact For Custom Quote",
    "downloadLink": "#", 
    "downloadButtonText": "Download Full Rate Card"
  },

  "contactCTA": {
    "enabled": true,
    "title": "Ready to Collaborate?",
    "description": "Let's create automotive content that drives engagement and showcases your products to an audience of passionate car enthusiasts. Contact me today to discuss how we can work together.",
    "contactMailto": "mailto:revreignauto@gmail.com",
    "contactButtonText": "revreignauto@gmail.com"
  },

  "developerSettings": {
    "warning": "⚠️ Only advanced users should touch this. Changing anything here may break the layout.",
    "experimentalFeatureToggle": false
  }
}
