{
  "enabled": true,

  "pageTitle": "Walmart Storefront",
  "introText": "Discover affordable tools and products for DIY mechanics through my Walmart storefront. Every purchase helps support my content creation journey while saving you money on quality automotive supplies!",

  "banner": {
    "enabled": true,
    "title": "Budget-Friendly Auto Tools",
    "description": "Walmart offers great value for DIY mechanics on a budget. I've handpicked these items for their quality-to-price ratio to help you save money without sacrificing functionality.",
    "imageUrl": "https://images.unsplash.com/photo-1605293177224-5e9bd05299b8?ixlib=rb-1.2.1&auto=format&fit=crop&w=800&q=80",
    "altText": "Walmart Storefront",
    "storeLink": "https://walmart.com",
    "buttonText": "Shop My Walmart Picks"
  },

  "categories": [
    {
      "enabled": true,
      "title": "Affordable Must-Have Tools",
      "description": "Budget-friendly tools that deliver great performance for common automotive tasks.",
      "categoryLink": "https://walmart.com/shop/revreign/tools",
      "products": [
        {
          "id": "1",
          "name": "Basic Tool Kit",
          "description": "145-piece home repair kit with carrying case",
          "price": "$39.99",
          "imageUrl": "https://i5.walmartimages.com/seo/Syba-145-Pieces-Computer-Tool-Kit-Heavy-Duty-Carrying-Case-All-in-One-Portable_3e373f43-0d6e-42e9-b9c0-b605ef895eef_1.5898c47c8fdd55790793b2daeed84942.jpeg?odnHeight=2000&odnWidth=2000&odnBg=FFFFFF",
          "link": "https://walmrt.us/3XBCj4P"
        },
        {
          "id": "2",
          "name": "Mechanic Creeper",
          "description": "Six-wheel design for smooth movement under vehicles",
          "price": "$24.99",
          "imageUrl": "https://i5.walmartimages.com/seo/SKYSHALO-36-2-1-Z-Creeper-300-lbs-Sleek-Low-Profile-Design-6-Wheels-Efficient-Mobility-Garages-Workshops-Auto-Repair-Tasks-Foldable-Easy-Storage-Blac_8bca1d8d-4e69-4f46-8ffb-acdfd4ad2e6a.75cdc66e4d7a779370131e62b4497992.jpeg?odnHeight=2000&odnWidth=2000&odnBg=FFFFFF",
          "link": "https://walmrt.us/4jaG5ub"
        },
        {
          "id": "3",
          "name": "Oil Change Kit",
          "description": "Complete kit with drain pan, funnel, and disposal bag",
          "price": "$19.99",
          "imageUrl": "https://i5.walmartimages.com/seo/Polaris-2830545-Oil-Change-Tool-Kit-Drain-Pan-Funnel-Wrench-Offroad-Maintenance_54898ec7-da02-44eb-893f-b3fbbe118dcb.2e6969adb074fa96928316612a16a5e4.jpeg?odnHeight=640&odnWidth=640&odnBg=FFFFFF",
          "link": "https://walmrt.us/3DXrZNZ"
        }
      ]
    },
    {
      "enabled": true,
      "title": "Safety Gear & Protection",
      "description": "Essential safety equipment to keep you protected during maintenance and repairs.",
      "categoryLink": "https://walmart.com/shop/revreign/safety",
      "products": [
        {
          "id": "4",
          "name": "Disposable Nitrile Gloves",
          "description": "Box of 100, oil and chemical resistant",
          "price": "$12.99",
          "imageUrl": "https://images.unsplash.com/photo-1584634731339-252e58f5a5d5?ixlib=rb-1.2.1&auto=format&fit=crop&w=1350&q=80",
          "link": "https://walmart.com"
        },
        {
          "id": "5",
          "name": "Mechanic Safety Kit",
          "description": "Includes glasses, ear protection, and dust mask",
          "price": "$16.97",
          "imageUrl": "https://images.unsplash.com/photo-1587582423113-8f443441a2d4?ixlib=rb-1.2.1&auto=format&fit=crop&w=1350&q=80",
          "link": "https://walmart.com"
        },
        {
          "id": "6",
          "name": "Workshop Knee Pads",
          "description": "Gel cushion with adjustable straps",
          "price": "$14.88",
          "imageUrl": "https://images.unsplash.com/photo-1629115929503-cb5a0e2d9635?ixlib=rb-1.2.1&auto=format&fit=crop&w=1350&q=80",
          "link": "https://walmart.com"
        }
      ]
    },
    {
      "enabled": true,
      "title": "Car Care & Maintenance Products",
      "description": "Keep your vehicle in top condition with these affordable maintenance products.",
      "categoryLink": "https://walmart.com/shop/revreign/carcare",
      "products": [
        {
          "id": "7",
          "name": "Wall Storage System",
          "description": "Complete garage wall organization kit with hooks and baskets",
          "price": "$49.99",
          "imageUrl": "https://images.unsplash.com/photo-1581235720704-06d3acfcb36f?ixlib=rb-1.2.1&auto=format&fit=crop&w=1350&q=80",
          "link": "https://walmart.com"
        },
        {
          "id": "8",
          "name": "Tool Storage Cabinet",
          "description": "Mobile tool chest with multiple drawers and work surface",
          "price": "$199.97",
          "imageUrl": "https://images.unsplash.com/photo-1616401784845-180882ba9ba8?ixlib=rb-1.2.1&auto=format&fit=crop&w=1350&q=80",
          "link": "https://walmart.com"
        },
        {
          "id": "9",
          "name": "Storage Shelf Unit",
          "description": "Heavy-duty steel shelving for garage organization",
          "price": "$89.99",
          "imageUrl": "https://images.unsplash.com/photo-1595909315417-2edd382a56dc?ixlib=rb-1.2.1&auto=format&fit=crop&w=1350&q=80",
          "link": "https://walmart.com"
        }
      ]
    },
    {
      "enabled": true,
      "title": "Garage Organization Solutions",
      "description": "Get ready for the Caveman's Garage Overhaul with these affordable storage and organization solutions.",
      "categoryLink": "https://walmart.com/shop/revreign/storage",
      "products": [
        {
          "id": "10",
          "name": "Parts Organizer",
          "description": "Multi-drawer storage cabinet for small parts and tools",
          "price": "$29.99",
          "imageUrl": "https://images.unsplash.com/photo-1587582423113-8f443441a2d4?ixlib=rb-1.2.1&auto=format&fit=crop&w=1350&q=80",
          "link": "https://walmart.com"
        },
        {
          "id": "11",
          "name": "Pegboard Organization Kit",
          "description": "Complete pegboard system with hooks and accessories",
          "price": "$44.97",
          "imageUrl": "https://images.unsplash.com/photo-1530124566582-a618bc2615dc?ixlib=rb-1.2.1&auto=format&fit=crop&w=1350&q=80",
          "link": "https://walmart.com"
        },
        {
          "id": "12",
          "name": "Garage Storage Bins",
          "description": "Set of 6 stackable bins with lids for organized storage",
          "price": "$24.99",
          "imageUrl": "https://images.unsplash.com/photo-1587582423113-8f443441a2d4?ixlib=rb-1.2.1&auto=format&fit=crop&w=1350&q=80",
          "link": "https://walmart.com"
        }
      ]
    }
  ],

  "developerSettings": {
    "warning": "⚠️ Only advanced users should touch this. Changing anything here may break the layout.",
    "experimentalFeatureToggle": false
  }
}
